{
  "project_info": {
    "project_number": "578418871078",
    "firebase_url": "https://mobapde-1edbb.firebaseio.com",
    "project_id": "mobapde-1edbb",
    "storage_bucket": "mobapde-1edbb.appspot.com"
  },
  "client": [
    {
      "client_info": {
        "mobilesdk_app_id": "1:578418871078:android:03d77df379b56916",
        "android_client_info": {
          "package_name": "com.example.josh.mobapdemp"
        }
      },
      "oauth_client": [
        {
          "client_id": "578418871078-docsq2vsf46gnmiah2ptt7p7mv8qfkjm.apps.googleusercontent.com",
          "client_type": 3
        }
      ],
      "api_key": [
        {
          "current_key": "AIzaSyBZPxt16UWRkp0rZUBvcUNkHgcgE7bns2A"
        }
      ],
      "services": {
        "analytics_service": {
          "status": 1
        },
        "appinvite_service": {
          "status": 1,
          "other_platform_oauth_client": []
        },
        "ads_service": {
          "status": 2
        }
      }
    }
  ],
  "configuration_version": "1"
}